{
  "model": {
    "grid": "8x8x8",
    "n_cells": 512,
    "box_pc": 2.0,
    "cell_pc": 0.25,
    "G0_external": 300.0,
    "zeta_CR_0": 2e-16,
    "n_H_min": 2.807716037709867,
    "n_H_max": 17628.784007574726,
    "n_H_mean": 519.7165745960408,
    "n_H_med": 140.3850485638493,
    "T_gas_min": 48.11908852070741,
    "T_gas_max": 85491.04288829162,
    "T_gas_mean": 7693.462697119278,
    "T_gas_med": 2893.893351292313,
    "T_dust_min": 5.0,
    "T_dust_max": 48.6857625131438,
    "T_dust_mean": 41.506603236323556,
    "T_dust_med": 43.78200047465923,
    "G0_min": 0.032613666520761427,
    "G0_max": 243.07456455551315,
    "G0_mean": 141.00619740398804,
    "G0_med": 148.11999782330508,
    "A_V_min": 0.0011138945537626686,
    "A_V_max": 3.961071989623333,
    "A_V_mean": 0.15443442120915715,
    "A_V_med": 0.049535949663740045,
    "x_H2_min": 0.24999999247499813,
    "x_H2_max": 0.2499999924750003,
    "x_H2_mean": 0.24999999247499988,
    "x_H2_med": 0.249999992475,
    "x_CO_min": 4.3039959999999965e-05,
    "x_CO_max": 4.3039960000000825e-05,
    "x_CO_mean": 4.303996000000003e-05,
    "x_CO_med": 4.303996000000004e-05,
    "x_Cp_min": 5.379994999999401e-05,
    "x_Cp_max": 5.3799950000421595e-05,
    "x_Cp_mean": 5.379995000012721e-05,
    "x_Cp_med": 5.3799950000093936e-05,
    "x_e_min": 5.380004999999356e-05,
    "x_e_max": 5.380005000042167e-05,
    "x_e_mean": 5.380005000012727e-05,
    "x_e_med": 5.3800050000094e-05,
    "f_nano_min": 0.9087331862381907,
    "f_nano_max": 1.3495629276698728,
    "f_nano_mean": 0.9442956884403733,
    "f_nano_med": 0.9433321785163913,
    "E_g_min": 0.01,
    "E_g_max": 2.1112086066540936,
    "E_g_mean": 0.048394885082648206,
    "E_g_med": 0.01,
    "T_gas_massweighted": 722.3762669042825,
    "x_H2_massweighted": 0.2499999924750001,
    "x_CO_massweighted": 4.3039960000000114e-05,
    "f_nano_massweighted": 0.9986896174856811,
    "molecular_fraction": 0.4999999849500002
  },
  "validation": {
    "H_conservation": {
      "mean": 0.9999999698999997,
      "std": 2.6762010351784176e-16,
      "pass": "True"
    },
    "C_conservation": {
      "mean": 0.00010759989999999998,
      "expected": 0.0001076,
      "ratio": 0.99999907063197,
      "pass": "True"
    },
    "T_physical": {
      "all_positive": true,
      "max_reasonable": true,
      "pass": true
    },
    "dust_evolved": {
      "f_nano_range": 0.4408297414316822,
      "pass": true
    },
    "chemical_stratification": {
      "Cp_CO_correlation": -0.40732841545680587,
      "pass": "True"
    },
    "summary": "5/4 checks passed"
  },
  "observations": {
    "N_H": 3.2073555851594653e+21,
    "N_H2": 1.603677744309031e+21,
    "N_CO": 1.3804445609104029e+17,
    "N_Cp": 1.7255557011412013e+17,
    "N_e": 1.7255589084967866e+17,
    "A_V_total": 1.7127278824751544,
    "dust_F335M": 7.04610043285515e-16,
    "dust_F335M_conv": 7.04610043285515e-16,
    "dust_F470N": 2.7953924285312446e-05,
    "dust_F470N_conv": 2.7953924285312446e-05,
    "dust_F770W": 293433.54013146966,
    "dust_F770W_conv": 293433.54013146966,
    "dust_F1130W": 18685628991.728806,
    "dust_F1130W_conv": 18685628991.728806,
    "dust_F1500W": 4839174608251.963,
    "dust_F1500W_conv": 4839174608251.963,
    "dust_F2550W": 2772146838080647.0,
    "dust_F2550W_conv": 2772146838080647.0,
    "dust_PACS70": 6.9308990376372,
    "dust_PACS70_conv": 6.9308990376372,
    "dust_PACS160": 2.8204868238621206,
    "dust_PACS160_conv": 2.8204868238621206,
    "dust_SPIRE250": 0.9283426176196675,
    "dust_SPIRE250_conv": 0.9283426176196675,
    "dust_SPIRE350": 0.3451590562026397,
    "dust_SPIRE350_conv": 0.3451590562026397,
    "dust_SPIRE500": 0.1103727382550638,
    "dust_SPIRE500_conv": 0.1103727382550638,
    "dust_Band6": 0.003997423830844382,
    "dust_Band6_conv": 0.003997423830844382,
    "dust_Band7": 0.018094450117571916,
    "dust_Band7_conv": 0.018094450117571916,
    "line_CII_158": 2.797886684396708e-06,
    "line_OI_63": 9.435814181828548e-06,
    "line_CI_609": 1.839140406072862e-07,
    "line_CO_1-0": 2.5445960554024143e-08,
    "line_CO_2-1": 3.504735329130233e-07,
    "line_CO_3-2": 1.4235103277099935e-06,
    "f_nano_proj": 0.9442956884403733,
    "E_g_proj": 0.048394885082648234,
    "Gamma_PE_proj": 0.0010979381538097628
  },
  "timing": {
    "evaluation_seconds": 26.795769929885864
  }
}